ID;"Name Prefix";"First Name";"Last Name";"Name Suffix";Gender;Description;"Job Title";Fax;Skype;Twitter;Facebook;GooglePlus;LinkedIn;Birthday;Source;Method;"Owner Username";Owner;"Assigned To Username";"Assigned To";"Primary Email";"Primary Phone";"Group 1";"Account 1";"Primary Address Label";"Primary Address First Name";"Primary Address Last Name";"Primary Address Street";"Primary Address Street2";"Primary Address City";"Primary Address Postal Code";"Primary Address Region Text";"Primary Address Region";"Primary Address Country"
1;Mr.;Jerry;Coleman;;;;;;;;;;;1973-03-07;website;;bettina.bad;"Bettina Bad";bettina.bad;"Bettina Bad";JerryAColeman@armyspy.com;585-255-1127;"Marketing Group";Welsight73A_Coleman;;Jerry;Coleman;"1215 Caldwell Road";;Rochester;14608;;NY;US
2;Mrs.;Debra;Bailey;;;;;;;;;;;1930-11-16;website;;james.buckner;"James Buckner";james.buckner;"James Buckner";DebraDBailey@cuvox.de;914-412-0298;"Sales Group";DistaildD_Bailey;;Debra;Bailey;"4677 Pallet Street";;"New York";10011;;NY;US
3;Mr.;Roy;Greenwell;;;;;;;;;;;1968-01-18;call;;derick.nickerson;"Derick Nickerson";derick.nickerson;"Derick Nickerson";RoyLGreenwell@superrito.com;765-538-2134;"Marketing Group";WhisightL_Greenwell;;Roy;Greenwell;"2413 Capitol Avenue";;Romney;47981;;IN;US
4;Mrs.;Carie;King;;;;;;;;;;;1977-05-24;tv;;lemuel.noble;"Lemuel Noble";lemuel.noble;"Lemuel Noble";CarieSKing@cuvox.de;586-916-1089;"Sales Group";Gince1977S_King;;Carie;King;"1969 Reppert Coal Road";;Detroit;48219;;MI;US
5;Mr.;Frank;Clarke;;;;;;;;;;;1974-05-25;website;;ingrid.olander;"Ingrid Olander";ingrid.olander;"Ingrid Olander";FrankJClarke@gustr.com;660-829-8161;"Marketing Group";Tence1974J_Clarke;;Frank;Clarke;"722 Harvest Lane";;Sedalia;65301;;MO;US
6;Mrs.;Glenda;Williams;;;;;;;;;;;1972-02-09;other;;caroyln.skinner;"Caroyln Skinner";caroyln.skinner;"Caroyln Skinner";GlendaJWilliams@einrot.com;803-539-8623;"Marketing Group";OundedJ_Williams;;Glenda;Williams;"4504 Java Lane";;Orangeburg;29115;;SC;US
7;Mr.;Jason;Scott;;;;;;;;;;;1955-02-05;tv;;leo.charters;"Leo Charters";leo.charters;"Leo Charters";JasonFScott@superrito.com;813-363-5042;"Marketing Group";WitimpenF_Scott;;Jason;Scott;"1167 Marion Drive";;"Winter Haven";33830;;FL;US
8;Ms.;Susan;Chandler;;;;;;;;;;;1935-09-22;call;;julian.schiff;"Julian Schiff";julian.schiff;"Julian Schiff";SusanTChandler@einrot.com;567-340-5882;"Marketing Group";FichaveT_Chandler;;Susan;Chandler;"322 Langtown Road";;Toledo;43609;;OH;US
9;Mr.;Richard;Brock;;;;;;;;;;;1971-02-09;other;;paula.trejo;"Paula Trejo";paula.trejo;"Paula Trejo";RichardGBrock@superrito.com;239-336-0832;"Sales Group";TherantG_Brock;;Richard;Brock;"988 Sunburst Drive";;"Fort Myers";33901;;FL;US
10;Mrs.;Patti;McKnight;;;;;;;;;;;1941-03-22;tv;;sue.duran;"Sue Duran";sue.duran;"Sue Duran";PattiBMcKnight@cuvox.de;772-377-5188;"Marketing Group";Goot1941B_McKnight;;Patti;McKnight;"1839 Elkview Drive";;Hialeah;33012;;FL;US
11;Mr.;Ross;Kay;;;;;;;;;;;1955-04-24;tv;;booker.ortega;"Booker Ortega";booker.ortega;"Booker Ortega";RossRKay@teleworm.us;229-407-9032;"Marketing Group";Cipen1955R_Kay;;Ross;Kay;"2849 Junkins Avenue";;Albany;31707;;GA;US
12;Ms.;Patricia;Striegel;;;;;;;;;;;1986-09-28;tv;;jenell.lagunas;"Jenell Lagunas";jenell.lagunas;"Jenell Lagunas";PatriciaDStriegel@teleworm.us;757-448-1642;"Marketing Group";YoughbouldD_Striegel;;Patricia;Striegel;"2871 Murry Street";;Norfolk;23510;;VA;US
13;Dr.;Andre;Larson;;;;;;;;;;;1940-10-01;website;;james.mckie;"James Mckie";james.mckie;"James Mckie";AndreJLarson@cuvox.de;718-846-4924;"Marketing Group";FlualinteJ_Larson;;Andre;Larson;"643 Patterson Road";;Queens;11418;;NY;US
14;Ms.;Martha;Wheat;;;;;;;;;;;1964-08-10;other;;sharleen.lancaster;"Sharleen Lancaster";sharleen.lancaster;"Sharleen Lancaster";MarthaRWheat@dayrep.com;914-485-4373;"Marketing Group";AppridequeR_Wheat;;Martha;Wheat;"3694 Mount Tabor";;"New York";10013;;NY;US
15;Ms.;Wendy;Hill;;;;;;;;;;;1969-01-24;call;;james.mckie;"James Mckie";james.mckie;"James Mckie";WendyFHill@gustr.com;760-227-2128;"Sales Group";BeettleforF_Hill;;Wendy;Hill;"180 Tenmile";;"Desert Center";92239;;CA;US
16;Ms.;Nicole;Mack;;;;;;;;;;;1991-05-20;other;;nicholas.obrien;"Nicholas Obrien";nicholas.obrien;"Nicholas Obrien";NicoleOMack@armyspy.com;330-725-1413;"Sales Group";OpeashomO_Mack;;Nicole;Mack;"2889 Wildwood Street";;Medina;44256;;OH;US
17;Ms.;Bonnie;Ibrahim;;;;;;;;;;;1962-09-18;other;;simon.patel;"Simon Patel";simon.patel;"Simon Patel";BonnieRIbrahim@dayrep.com;307-204-8559;"Sales Group";SuldandR_Ibrahim;;Bonnie;Ibrahim;"4237 Warner Street";;Casper;82601;;WY;US
18;Ms.;Lisa;Mecham;;;;;;;;;;;1936-03-05;tv;;tiesha.osuna;"Tiesha Osuna";tiesha.osuna;"Tiesha Osuna";LisaRMecham@armyspy.com;320-236-0358;"Sales Group";RuimilotR_Mecham;;Lisa;Mecham;"4938 Progress Way";;"South Haven";55382;;MN;US
19;Mr.;Richard;Ratcliff;;;;;;;;;;;1936-07-17;other;;timothy.baird;"Timothy Baird";timothy.baird;"Timothy Baird";RichardDRatcliff@armyspy.com;213-698-8551;"Sales Group";Weld1936D_Ratcliff;;Richard;Ratcliff;"4979 Canis Heights Drive";;"Los Angeles";90071;;CA;US
20;Mr.;John;Braswell;;;;;;;;;;;1981-11-30;call;;hugh.moody;"Hugh Moody";hugh.moody;"Hugh Moody";JohnABraswell@teleworm.us;570-620-3843;"Marketing Group";ExioratA_Braswell;;John;Braswell;"2414 Coal Road";;Tannersville;18372;;PA;US
21;Mrs.;Catherine;Hinojosa;;;;;;;;;;;1956-05-23;tv;;ann.kaba;"Ann Kaba";ann.kaba;"Ann Kaba";CatherineJHinojosa@armyspy.com;203-477-3061;"Sales Group";DanclasJ_Hinojosa;;Catherine;Hinojosa;"2932 Cook Hill Road";;"New Haven";06511;;CT;US
22;Ms.;Sadie;Torres;;;;;;;;;;;1934-06-29;other;;sharleen.lancaster;"Sharleen Lancaster";sharleen.lancaster;"Sharleen Lancaster";SadieJTorres@superrito.com;516-997-4867;"Sales Group";Subjecome1934J_Torres;;Sadie;Torres;"52 Jarvisville Road";;Westbury;11590;;NY;US
23;Ms.;Jennifer;Paxton;;;;;;;;;;;1992-12-15;call;;michael.hicks;"Michael Hicks";michael.hicks;"Michael Hicks";JenniferWPaxton@gustr.com;310-430-7875;"Marketing Group";GoisuccautW_Paxton;;Jennifer;Paxton;"2922 Doctors Drive";;Irvine;92614;;CA;US
24;Ms.;Maye;Sanchez;;;;;;;;;;;1973-03-08;website;;booker.ortega;"Booker Ortega";booker.ortega;"Booker Ortega";MayeJSanchez@dayrep.com;419-515-3056;"Marketing Group";HisheyJ_Sanchez;;Maye;Sanchez;"2061 Stonecoal Road";;Toledo;43602;;OH;US
25;Mrs.;Kelly;Nguyen;;;;;;;;;;;1994-12-21;other;;roger.william;"Roger William";roger.william;"Roger William";KellySNguyen@einrot.com;614-729-8389;"Marketing Group";LizabilingsS_Nguyen;;Kelly;Nguyen;"3161 Palmer Road";;Columbus;43212;;OH;US
26;Mr.;Andrew;Rolfe;;;;;;;;;;;1991-12-21;website;;matthias.mascarenas;"Matthias Mascarenas";matthias.mascarenas;"Matthias Mascarenas";AndrewRRolfe@superrito.com;402-963-7201;"Sales Group";Scer1991R_Rolfe;;Andrew;Rolfe;"171 Bungalow Road";;Omaha;68164;;NE;US
27;Ms.;Linda;Miller;;;;;;;;;;;1932-07-15;call;;maryln.hubbard;"Maryln Hubbard";maryln.hubbard;"Maryln Hubbard";LindaSMiller@dayrep.com;513-677-2998;"Sales Group";Diect1932S_Miller;;Linda;Miller;"2770 Barnes Avenue";;Loveland;45140;;OH;US
28;Mr.;John;Robertson;;;;;;;;;;;1979-11-23;tv;;derick.lemus;"Derick Lemus";derick.lemus;"Derick Lemus";JohnKRobertson@teleworm.us;708-239-8496;"Sales Group";ThaturK_Robertson;;John;Robertson;"4378 Rose Street";;"Blue Island";60406;;IL;US
29;Ms.;Christine;Ward;;;;;;;;;;;1948-03-30;website;;matthew.clark;"Matthew Clark";matthew.clark;"Matthew Clark";ChristineKWard@einrot.com;660-933-1473;"Sales Group";Mout1948K_Ward;;Christine;Ward;"374 Harvest Lane";;Omaha;63565;;MO;US
30;Ms.;Diane;Johnson;;;;;;;;;;;1986-08-08;other;;livia.rivers;"Livia Rivers";livia.rivers;"Livia Rivers";DianeJJohnson@einrot.com;713-940-1656;"Sales Group";ThattenJ_Johnson;;Diane;Johnson;"2925 Margaret Street";;Houston;77026;;TX;US
31;Mr.;Joshua;Rodgers;;;;;;;;;;;1965-03-09;other;;richard.irvine;"Richard Irvine";richard.irvine;"Richard Irvine";JoshuaBRodgers@cuvox.de;517-979-4252;"Marketing Group";ObjectioneveB_Rodgers;;Joshua;Rodgers;"952 Ben Street";;"East Lansing";48823;;MI;US
32;Mr.;John;Dawson;;;;;;;;;;;1994-01-25;website;;william.sheikh;"William Sheikh";william.sheikh;"William Sheikh";JohnMDawson@cuvox.de;256-701-5619;"Sales Group";LiffirM_Dawson;;John;Dawson;"3177 Ferry Street";;Huntsville;35816;;AL;US
33;Mr.;John;Robinson;;;;;;;;;;;1974-03-01;other;;samuel.ingram;"Samuel Ingram";samuel.ingram;"Samuel Ingram";JohnNRobinson@gustr.com;603-517-2879;"Sales Group";Onthe1974N_Robinson;;John;Robinson;"4327 Grasselli Street";;Merrimack;03054;;NH;US
34;Ms.;Lana;Cruz;;;;;;;;;;;1993-01-29;call;;alex.vankleeck;"Alex Vankleeck";alex.vankleeck;"Alex Vankleeck";LanaCCruz@gustr.com;502-460-0836;"Marketing Group";Weare1993C_Cruz;;Lana;Cruz;"1412 Cerullo Road";;Louisville;40223;;KY;US
35;Mr.;Donald;Schiller;;;;;;;;;;;1945-03-21;website;;ela.hodges;"Ela Hodges";ela.hodges;"Ela Hodges";DonaldESchiller@einrot.com;361-439-4633;"Sales Group";GoormsE_Schiller;;Donald;Schiller;"4504 Washington Street";;Berclair;78107;;TX;US
36;Mrs.;Barbara;Gregory;;;;;;;;;;;1988-10-21;website;;victor.wiggins;"Victor Wiggins";victor.wiggins;"Victor Wiggins";BarbaraSGregory@superrito.com;620-370-9349;"Marketing Group";ShationS_Gregory;;Barbara;Gregory;"3113 Breezewood Court";;Ulysses;67880;;KS;US
37;Ms.;Lois;Miller;;;;;;;;;;;1993-12-05;other;;nathan.thorp;"Nathan Thorp";nathan.thorp;"Nathan Thorp";LoisRMiller@cuvox.de;410-393-5310;"Marketing Group";SwifiroldR_Miller;;Lois;Miller;"3886 Columbia Boulevard";;Baltimore;21202;;MD;US
38;Mr.;Sam;Smith;;;;;;;;;;;1989-06-22;call;;robert.hadfield;"Robert Hadfield";robert.hadfield;"Robert Hadfield";SamJSmith@einrot.com;828-756-6610;"Marketing Group";HationgeJ_Smith;;Sam;Smith;"1896 Goosetown Drive";;Sevier;28752;;NC;US
39;Mrs.;Alena;Garza;;;;;;;;;;;1940-12-08;other;;jack.ratliff;"Jack Ratliff";jack.ratliff;"Jack Ratliff";AlenaAGarza@teleworm.us;231-398-2817;"Marketing Group";Awerly1940A_Garza;;Alena;Garza;"4349 Twin Oaks Drive";;Manistee;49660;;MI;US
40;Mrs.;Tonya;Taylor;;;;;;;;;;;1956-12-08;call;;leopold.garibaldi;"Leopold Garibaldi";leopold.garibaldi;"Leopold Garibaldi";TonyaKTaylor@cuvox.de;206-498-9061;"Marketing Group";Yourall1956K_Taylor;;Tonya;Taylor;"1210 Elliot Avenue";;Seattle;98133;;WA;US
41;Mrs.;Bessie;Howlett;;;;;;;;;;;1946-06-04;call;;austin.fulton;"Austin Fulton";austin.fulton;"Austin Fulton";BessieBHowlett@gustr.com;201-629-6685;"Marketing Group";HapitheB_Howlett;;Bessie;Howlett;"465 Goldleaf Lane";;Newark;07105;;NJ;US
42;Mrs.;Laura;Kramer;;;;;;;;;;;1984-04-15;other;;harry.oceguera;"Harry Oceguera";harry.oceguera;"Harry Oceguera";LauraEKramer@cuvox.de;760-828-1097;"Marketing Group";SplifirE_Kramer;;Laura;Kramer;"1449 Coleman Avenue";;"San Diego";92101;;CA;US
43;Mrs.;Dolores;Massey;;;;;;;;;;;1953-05-19;website;;dennis.kea;"Dennis Kea";dennis.kea;"Dennis Kea";DoloresAMassey@dayrep.com;229-758-6732;"Marketing Group";Paten1953A_Massey;;Dolores;Massey;"2559 Locust Street";;Colquitt;31717;;GA;US
44;Mr.;Michael;Cameron;;;;;;;;;;;1985-11-30;call;;ingrid.olander;"Ingrid Olander";ingrid.olander;"Ingrid Olander";MichaelDCameron@teleworm.us;806-882-0856;"Marketing Group";Lompostathe85D_Cameron;;Michael;Cameron;"3340 Emma Street";;Hardesty;73944;;TX;US
45;Ms.;Liza;Pounders;;;;;;;;;;;1954-08-14;tv;;mathew.cardenas;"Mathew Cardenas";mathew.cardenas;"Mathew Cardenas";LizaDPounders@cuvox.de;626-312-2467;"Sales Group";Valast1954D_Pounders;;Liza;Pounders;"4973 Middleville Road";;Rosemead;91770;;CA;US
46;Mr.;Victor;Galyon;;;;;;;;;;;1988-09-07;call;;thomas.keller;"Thomas Keller";thomas.keller;"Thomas Keller";VictorNGalyon@gustr.com;281-252-7619;"Sales Group";BeciongN_Galyon;;Victor;Galyon;"4818 Payne Street";;Pinehurst;77362;;TX;US
47;Mr.;Calvin;Lieber;;;;;;;;;;;1974-10-30;other;;matthew.clark;"Matthew Clark";matthew.clark;"Matthew Clark";CalvinHLieber@cuvox.de;417-440-8945;"Marketing Group";Joyagesse1974H_Lieber;;Calvin;Lieber;"2090 Twin House Lane";;Springfield;65804;;MO;US
48;Mr.;Kevin;Jensen;;;;;;;;;;;1932-06-30;tv;;mafalda.medeiros;"Mafalda Medeiros";mafalda.medeiros;"Mafalda Medeiros";KevinDJensen@teleworm.us;412-726-1397;"Marketing Group";Furk1932D_Jensen;;Kevin;Jensen;"988 Losh Lane";;Pittsburgh;15206;;PA;US
49;Mrs.;Nancy;Jones;;;;;;;;;;;1960-04-18;website;;maryanne.truss;"Maryanne Truss";maryanne.truss;"Maryanne Truss";NancyDJones@teleworm.us;562-788-9642;"Sales Group";ArtheyelyD_Jones;;Nancy;Jones;"2187 Kerry Way";;Gardena;90248;;CA;US
50;Mr.;Cecil;Baumgarten;;;;;;;;;;;1929-05-24;call;;matthew.clark;"Matthew Clark";matthew.clark;"Matthew Clark";CecilLBaumgarten@dayrep.com;209-852-5667;"Sales Group";Steat1929L_Baumgarten;;Cecil;Baumgarten;"2101 Richards Avenue";;"La Grange";95329;;CA;US
51;Mr.;Ernest;White;;;;;;;;;;;1932-11-02;tv;;alex.vankleeck;"Alex Vankleeck";alex.vankleeck;"Alex Vankleeck";ErnestMWhite@superrito.com;803-301-5591;"Marketing Group";Allogrishme1932M_White;;Ernest;White;"4286 Wexford Way";;Columbia;29201;;SC;US
52;Mr.;Craig;Feldt;;;;;;;;;;;1948-07-05;website;;tom.voorhis;"Tom Voorhis";tom.voorhis;"Tom Voorhis";CraigKFeldt@armyspy.com;603-539-5017;"Sales Group";ButillectingK_Feldt;;Craig;Feldt;"1554 Elliott Street";;"Center Ossipee";03814;;NH;US
53;Mr.;Henry;Vining;;;;;;;;;;;1937-12-15;tv;;frank.conte;"Frank Conte";frank.conte;"Frank Conte";HenryCVining@dayrep.com;719-271-1914;"Sales Group";Wherinew37C_Vining;;Henry;Vining;"3818 Clover Drive";;"Colorado Springs";80903;;CO;US
54;Mr.;John;Blount;;;;;;;;;;;1962-09-23;tv;;melanie.tigue;"Melanie Tigue";melanie.tigue;"Melanie Tigue";JohnDBlount@superrito.com;508-350-1217;"Sales Group";Smang1962D_Blount;;John;Blount;"3599 C Street";;"East Bridgewater";02333;;MA;US
55;Ms.;Lorine;Liddell;;;;;;;;;;;1983-08-10;other;;timothy.macdonald;"Timothy Macdonald";timothy.macdonald;"Timothy Macdonald";LorineELiddell@superrito.com;478-256-7049;"Marketing Group";CoursefE_Liddell;;Lorine;Liddell;"788 Oakridge Lane";;Macon;31206;;GA;US
56;Mr.;Robert;Osborne;;;;;;;;;;;1934-05-24;call;;maryanne.truss;"Maryanne Truss";maryanne.truss;"Maryanne Truss";RobertAOsborne@armyspy.com;509-694-9542;"Sales Group";WilkenedA_Osborne;;Robert;Osborne;"1352 Calico Drive";;Spokane;99201;;WA;US
57;Mr.;John;Wade;;;;;;;;;;;1994-08-01;other;;daniel.spatz;"Daniel Spatz";daniel.spatz;"Daniel Spatz";JohnTWade@teleworm.us;309-665-6910;"Marketing Group";Frand1994T_Wade;;John;Wade;"1313 Garfield Road";;Bloomington;61704;;IL;US
58;Mrs.;Catrina;Canales;;;;;;;;;;;1966-01-02;website;;benedict.cortez;"Benedict Cortez";benedict.cortez;"Benedict Cortez";CatrinaDCanales@cuvox.de;630-420-6708;"Marketing Group";Capost66D_Canales;;Catrina;Canales;"4052 Hickman Street";;Naperville;60540;;IL;US
59;Ms.;Priscilla;Gray;;;;;;;;;;;1937-03-28;other;;antone.neal;"Antone Neal";antone.neal;"Antone Neal";PriscillaJGray@teleworm.us;724-918-6140;"Sales Group";SakingJ_Gray;;Priscilla;Gray;"4170 Spruce Drive";;Pittsburgh;15203;;PA;US
60;Mr.;Jose;Smith;;;;;;;;;;;1940-03-13;website;;marjory.haynes;"Marjory Haynes";marjory.haynes;"Marjory Haynes";JoseKSmith@cuvox.de;352-383-8326;"Sales Group";Thenand40K_Smith;;Jose;Smith;"4619 Rhapsody Street";;"Mount Dora";32757;;FL;US
61;Mr.;Randy;Gamino;;;;;;;;;;;1965-10-27;other;;jenell.lagunas;"Jenell Lagunas";jenell.lagunas;"Jenell Lagunas";RandyMGamino@armyspy.com;513-305-7103;"Marketing Group";TerentM_Gamino;;Randy;Gamino;"4123 Walnut Hill Drive";;Cincinnati;45214;;OH;US
62;Mrs.;Ann;Ludwig;;;;;;;;;;;1961-03-04;tv;;ronald.boyer;"Ronald Boyer";ronald.boyer;"Ronald Boyer";AnnRLudwig@gustr.com;225-289-2255;"Sales Group";Spole1961R_Ludwig;;Ann;Ludwig;"3193 Washburn Street";;"Baton Rouge";70806;;LA;US
63;Mr.;Robert;Herrmann;;;;;;;;;;;1987-07-20;tv;;idalia.byrd;"Idalia Byrd";idalia.byrd;"Idalia Byrd";RobertGHerrmann@teleworm.us;616-350-9990;"Sales Group";Balt1987G_Herrmann;;Robert;Herrmann;"1787 Cottonwood Lane";;"Grand Rapids";49546;;MI;US
64;Mr.;Charles;Arthur;;;;;;;;;;;1939-05-24;call;;madison.gosha;"Madison Gosha";madison.gosha;"Madison Gosha";CharlesCArthur@teleworm.us;804-532-4723;"Sales Group";GoicerouthC_Arthur;;Charles;Arthur;"4975 Biddie Lane";;Richmond;23225;;VA;US
65;Mr.;Thomas;Ybarra;;;;;;;;;;;1993-04-18;tv;;admin;"John Doe";admin;"John Doe";ThomasMYbarra@gustr.com;785-713-2136;"Marketing Group";Phost1993M_Ybarra;;Thomas;Ybarra;"2769 Dog Hill Lane";;Topeka;66607;;KS;US
66;Mr.;Joseph;Keller;;;;;;;;;;;1990-11-18;website;;cesar.denicola;"Cesar Denicola";cesar.denicola;"Cesar Denicola";JosephKKeller@einrot.com;212-267-0961;"Marketing Group";DerestleK_Keller;;Joseph;Keller;"4390 Bell Street";;"New York";10007;;NY;US
67;Ms.;Rita;Leslie;;;;;;;;;;;1939-12-18;other;;rivka.perkins;"Rivka Perkins";rivka.perkins;"Rivka Perkins";RitaJLeslie@teleworm.us;801-786-2298;"Sales Group";InctureniouJ_Leslie;;Rita;Leslie;"776 Hickory Street";;Ogden;84414;;UT;US
68;Mr.;Charles;Siple;;;;;;;;;;;1985-03-23;other;;admin;"John Doe";admin;"John Doe";CharlesKSiple@gustr.com;302-454-2754;"Sales Group";Fife1985K_Siple;;Charles;Siple;"3031 Callison Lane";;Newark;19711;;DE;US
69;Ms.;April;Lynch;;;;;;;;;;;1944-08-29;tv;;jack.ratliff;"Jack Ratliff";jack.ratliff;"Jack Ratliff";AprilTLynch@armyspy.com;402-475-9091;"Sales Group";LopeatT_Lynch;;April;Lynch;"4106 Oak Way";;Lincoln;68501;;NE;US
70;Ms.;Karen;Galindo;;;;;;;;;;;1947-07-17;call;;eugenie.mcmullen;"Eugenie Mcmullen";eugenie.mcmullen;"Eugenie Mcmullen";KarenRGalindo@gustr.com;802-446-9581;"Sales Group";Upprow1947R_Galindo;;Karen;Galindo;"4205 Duff Avenue";;Wallingford;05773;;VT;US
71;Mr.;Nick;Guzman;;;;;;;;;;;1985-03-01;website;;david.valenzuela;"David Valenzuela";david.valenzuela;"David Valenzuela";NickKGuzman@superrito.com;937-510-8654;"Sales Group";Oulk1985K_Guzman;;Nick;Guzman;"520 Ingram Street";;Kettering;45429;;OH;US
72;Mr.;Edwin;Herman;;;;;;;;;;;1985-07-17;call;;idalia.byrd;"Idalia Byrd";idalia.byrd;"Idalia Byrd";EdwinLHerman@superrito.com;318-613-8044;"Sales Group";MorgetL_Herman;;Edwin;Herman;"3500 Norma Lane";;Shreveport;71101;;LA;US
73;Mr.;Marty;Stubblefield;;;;;;;;;;;1971-02-03;call;;livia.rivers;"Livia Rivers";livia.rivers;"Livia Rivers";MartyLStubblefield@gustr.com;925-904-5007;"Marketing Group";Theut1971L_Stubblefield;;Marty;Stubblefield;"1390 Brown Street";;"San Ramon";94583;;CA;US
74;Ms.;Hazel;Shingleton;;;;;;;;;;;1948-07-27;website;;loot.dejesus;"Loot Dejesus";loot.dejesus;"Loot Dejesus";HazelJShingleton@gustr.com;502-863-9264;"Sales Group";Smand1948J_Shingleton;;Hazel;Shingleton;"3918 Karen Lane";;Georgetown;40324;;KY;US
75;Mr.;Kenneth;Germany;;;;;;;;;;;1967-06-22;website;;anthony.zimmerman;"Anthony Zimmerman";anthony.zimmerman;"Anthony Zimmerman";KennethHGermany@cuvox.de;512-225-1224;"Marketing Group";Havocapiente67H_Germany;;Kenneth;Germany;"1810 Station Street";;Austin;78741;;TX;US
76;Ms.;Joann;Turpin;;;;;;;;;;;1978-07-23;other;;stephen.mccloy;"Stephen Mccloy";stephen.mccloy;"Stephen Mccloy";JoannNTurpin@armyspy.com;972-845-9601;"Marketing Group";HathoutyN_Turpin;;Joann;Turpin;"2405 Ash Street";;Palmer;75152;;TX;US
77;Mr.;Alfredo;Rudd;;;;;;;;;;;1970-03-05;call;;josefina.morrison;"Josefina Morrison";josefina.morrison;"Josefina Morrison";AlfredoDRudd@cuvox.de;859-248-1098;"Sales Group";Uselp1970D_Rudd;;Alfredo;Rudd;"2954 Carson Street";;Lexington;40507;;KY;US
78;Mrs.;Rita;Belton;;;;;;;;;;;1983-11-27;call;;michelle.linch;"Michelle Linch";michelle.linch;"Michelle Linch";RitaRBelton@armyspy.com;906-224-8803;"Sales Group";Hinet1983R_Belton;;Rita;Belton;"2481 Railroad Street";;Wakefield;49968;;MI;US
79;Mrs.;Alicia;Birkholz;;;;;;;;;;;1966-11-29;tv;;luther.valentine;"Luther Valentine";luther.valentine;"Luther Valentine";AliciaCBirkholz@einrot.com;814-433-6100;"Marketing Group";WoustravightC_Birkholz;;Alicia;Birkholz;"2677 Stutler Lane";;"State College";16803;;PA;US
80;Mr.;Leo;Flores;;;;;;;;;;;1988-07-24;call;;david.eisenmenger;"David Eisenmenger";david.eisenmenger;"David Eisenmenger";LeoMFlores@cuvox.de;208-225-2392;"Sales Group";Tusly1988M_Flores;;Leo;Flores;"1954 Modoc Alley";;Afton;83110;;ID;US
81;Mr.;Allan;Dickens;;;;;;;;;;;1977-03-08;website;;jack.ratliff;"Jack Ratliff";jack.ratliff;"Jack Ratliff";AllanDDickens@einrot.com;731-279-9632;"Marketing Group";ThatratedD_Dickens;;Allan;Dickens;"3383 Mapleview Drive";;Camden;38320;;TN;US
82;Mr.;Timothy;Jaffe;;;;;;;;;;;1966-05-17;website;;brian.figueroa;"Brian Figueroa";brian.figueroa;"Brian Figueroa";TimothyOJaffe@cuvox.de;207-653-1197;"Sales Group";Oneve1966O_Jaffe;;Timothy;Jaffe;"27 Bloomfield Way";;Portland;04101;;ME;US
83;Mr.;Edward;Hall;;;;;;;;;;;1932-08-16;call;;victor.wiggins;"Victor Wiggins";victor.wiggins;"Victor Wiggins";EdwardLHall@superrito.com;973-549-8659;"Marketing Group";Thak1932L_Hall;;Edward;Hall;"1293 Deer Ridge Drive";;Newark;07102;;NJ;US
84;Mr.;Gregorio;Gardner;;;;;;;;;;;1993-01-12;website;;idalia.byrd;"Idalia Byrd";idalia.byrd;"Idalia Byrd";GregorioJGardner@cuvox.de;540-901-2988;"Sales Group";Cown1993J_Gardner;;Gregorio;Gardner;"3784 Brooklyn Street";;Broadway;22815;;VA;US
85;Ms.;Ladonna;Furr;;;;;;;;;;;1947-06-17;other;;christeen.buckholz;"Christeen Buckholz";christeen.buckholz;"Christeen Buckholz";LadonnaRFurr@dayrep.com;256-841-2403;"Sales Group";Petry1947R_Furr;;Ladonna;Furr;"369 New Creek Road";;Huntsville;35816;;AL;US
86;Mrs.;Ann;Walker;;;;;;;;;;;1932-08-20;other;;livia.rivers;"Livia Rivers";livia.rivers;"Livia Rivers";AnnTWalker@teleworm.us;858-205-4877;"Marketing Group";GuaractionT_Walker;;Ann;Walker;"49 Metz Lane";;"San Diego";92103;;CA;US
87;Mr.;Paul;Corbin;;;;;;;;;;;1978-12-19;tv;;shanon.clendenin;"Shanon Clendenin";shanon.clendenin;"Shanon Clendenin";PaulTCorbin@teleworm.us;864-201-6834;"Marketing Group";Htiquous1978T_Corbin;;Paul;Corbin;"4949 Mill Street";;Greenville;29601;;SC;US
88;Mr.;Clinton;Ahner;;;;;;;;;;;1955-10-26;call;;robert.hadfield;"Robert Hadfield";robert.hadfield;"Robert Hadfield";ClintonRAhner@teleworm.us;434-309-3577;"Sales Group";Tince1955R_Ahner;;Clinton;Ahner;"2557 Worley Avenue";;Altavista;24517;;VA;US
89;Mr.;Robert;Rothstein;;;;;;;;;;;1973-02-10;call;;tabitha.mann;"Tabitha Mann";tabitha.mann;"Tabitha Mann";RobertMRothstein@einrot.com;617-689-5924;"Marketing Group";SonvermisM_Rothstein;;Robert;Rothstein;"2995 Valley View Drive";;Quincy;02169;;MA;US
90;Ms.;Elvira;Gupton;;;;;;;;;;;1957-02-25;tv;;santana.bradley;"Santana Bradley";santana.bradley;"Santana Bradley";ElviraJGupton@gustr.com;954-460-7755;"Sales Group";SuromileJ_Gupton;;Elvira;Gupton;"4253 West Fork Drive";;"Boca Raton";33487;;FL;US
91;Mrs.;Christina;Thomas;;;;;;;;;;;1994-11-14;other;;mickey.mays;"Mickey Mays";mickey.mays;"Mickey Mays";ChristinaJThomas@gustr.com;920-485-9825;"Marketing Group";ShumanJ_Thomas;;Christina;Thomas;"388 Sycamore Lake Road";;Horicon;53032;;WI;US
92;Mr.;Richard;Ryan;;;;;;;;;;;1966-03-03;website;;leo.charters;"Leo Charters";leo.charters;"Leo Charters";RichardERyan@gustr.com;307-840-3701;"Marketing Group";Easer1966E_Ryan;;Richard;Ryan;"2015 Archwood Avenue";;Cheyenne;82003;;WY;US
93;Ms.;Amy;Giles;;;;;;;;;;;1940-10-09;call;;nathan.thorp;"Nathan Thorp";nathan.thorp;"Nathan Thorp";AmyAGiles@teleworm.us;212-236-8563;"Marketing Group";PultooperA_Giles;;Amy;Giles;"3571 Bell Street";;"New York";10007;;NY;US
94;Mr.;Jacob;Anderson;;;;;;;;;;;1941-03-29;call;;bill.battle;"Bill Battle";bill.battle;"Bill Battle";JacobEAnderson@cuvox.de;510-610-0505;"Marketing Group";ThalleE_Anderson;;Jacob;Anderson;"2488 Clifford Street";;Concord;94520;;CA;US
95;Mrs.;Myrtle;Reed;;;;;;;;;;;1957-09-06;call;;timothy.macdonald;"Timothy Macdonald";timothy.macdonald;"Timothy Macdonald";MyrtleMReed@gustr.com;270-300-0013;"Marketing Group";Liting1957M_Reed;;Myrtle;Reed;"4304 Glen Street";;Louisville;40299;;KY;US
96;Mrs.;Sharon;Herzig;;;;;;;;;;;1993-03-21;website;;theodore.dreyer;"Theodore Dreyer";theodore.dreyer;"Theodore Dreyer";SharonMHerzig@armyspy.com;402-396-6208;"Sales Group";ShunnotheM_Herzig;;Sharon;Herzig;"2387 Oak Way";;Pilger;68768;;NE;US
97;Mr.;Albert;Clark;;;;;;;;;;;1942-12-06;tv;;cyndy.dauer;"Cyndy Dauer";cyndy.dauer;"Cyndy Dauer";AlbertEClark@einrot.com;912-786-0311;"Sales Group";TrignisE_Clark;;Albert;Clark;"4556 Yorkie Lane";;"Tybee Island";31328;;GA;US
98;Ms.;Natalie;Martin;;;;;;;;;;;1933-02-16;other;;stephen.mccloy;"Stephen Mccloy";stephen.mccloy;"Stephen Mccloy";NatalieEMartin@teleworm.us;425-349-5405;"Marketing Group";Ainge1933E_Martin;;Natalie;Martin;"906 Ryder Avenue";;Everett;98208;;WA;US
99;Dr.;Sally;Sisco;;;;;;;;;;;1933-07-15;website;;tim.rich;"Tim Rich";tim.rich;"Tim Rich";SallyMSisco@cuvox.de;773-908-5915;"Sales Group";ThoughtyM_Sisco;;Sally;Sisco;"1802 Point Street";;"Buffalo Grove";60089;;IL;US
100;Ms.;Becky;Slagle;;;;;;;;;;;1944-12-21;other;;timothy.laverty;"Timothy Laverty";timothy.laverty;"Timothy Laverty";BeckyPSlagle@armyspy.com;205-836-7404;"Marketing Group";Rines1944P_Slagle;;Becky;Slagle;"2702 Petunia Way";;Birmingham;35206;;AL;US
